insert into admin (email, nev, jelszo, utolso_belepes_datuma) values
('rick@citadel.com', 'Rick Sanchez', 'wubbalubbadubdub', '2024-10-09 14:30:00'),
('morty@citadel.com', 'Morty Smith', 'awjeez123', '2024-10-10 09:15:00'),
('summer@citadel.com', 'Summer Smith', 'keeplooking', '2024-10-08 18:45:00'),
('beth@citadel.com', 'Beth Smith', 'spacehorse22', '2024-10-07 20:00:00'),
('jerry@citadel.com', 'Jerry Smith', 'imloser666', '2024-10-06 10:30:00');

insert into csatorna (nev, kategoria, leiras) values
('Interdimensional Cable', 'Szórakoztató', 'Végtelen dimenziók végtelen TV műsorai'),
('Blips and Chitz', 'Játék', 'Intergalaktikus játékterem és szórakoztató központ'),
('Gazorpazorp TV', 'Dráma', 'A Gazorpazorp bolygó legjobb drámái'),
('Gear World Network', 'Ismeretterjesztő', 'Minden, amit a fogaskerekekről tudni kell'),
('Plumbus Channel', 'Háztartási', 'A galaxis leghasznosabb háztartási eszközének dedikált csatorna');

insert into szereplo (nev, szul_datum, nemzetiseg, foglalkozas) values
('Ants in my Eyes Johnson', '1960-05-15', 'Földönkívüli', 'TV személyiség'),
('Two Brothers', '1985-08-22', 'Földi', 'Akcióhősök'),
('Stealy', '1995-03-10', 'Földönkívüli', 'Tolvaj'),
('Mr. Poopybutthole', '1980-12-01', 'Földönkívüli', 'Tanár'),
('Krombopulos Michael', '1970-07-30', 'Gromflomit', 'Bérgyilkos'),
('Strong Arm Jones', '1975-04-10', 'Földi', 'Zsoldos'),
('Blaster Bob', '1980-09-20', 'Földönkívüli', 'Robbanószer szakértő'),
('Laser Larry', '1982-06-15', 'Földi', 'Taktikai szakértő'),
('Sneaky Sam', '1978-11-02', 'Földönkívüli', 'Árnyék katona'),
('Roy', '1965-03-25', 'Földi', 'Átlagember'),
('Helen', '1968-02-18', 'Földi', 'Feleség'),
('Roy Jr.', '1990-12-12', 'Földi', 'Diák'),
('Old Man Roy', '1920-05-01', 'Földi', 'Nyugdíjas'),
('Plumbus Expert Zog', '1970-08-14', 'Plumbuszországi', 'Plumbus szakértő'),
('Technician Glorf', '1980-11-22', 'Földönkívüli', 'Gyártási technikus'),
('Instructor Beep', '1995-02-10', 'Gazorpian', 'Műszaki oktató'),
('Gearhead Greg', '1985-07-15', 'Földönkívüli', 'Mechanikai mérnök'),
('Rusty Wrench', '1978-09-10', 'Földi', 'Fogaskerék szakértő'),
('Torque Tina', '1990-11-25', 'Gearian', 'Mechanikai technikus'),
('Professor Plumb', '1962-05-30', 'Földönkívüli', 'Plumbus mester'),
('Master Krilb', '1975-01-22', 'Plumbuszországi', 'Plumbus használati oktató'),
('Dr. Plumbuska', '1988-03-12', 'Gazorpian', 'Plumbus doktor');

insert into musor (cim, ismerteto, epizod) values
('Ball Fondlers', 'Az első epizódban a fondozók bemutatkoznak, és egy különleges küldetést vállalnak.', 'S01E01'),
('Ball Fondlers', 'A fondozók egy veszélyes ellenséggel találkoznak, akinek titkai vannak.', 'S01E02'),
('Ball Fondlers', 'A fondozók egy új csapattagot szereznek, aki váratlan fordulatot hoz.', 'S01E03'),
('Roy: A Life Well Lived', 'Roy gyerekként felfedezi a világot, és először megy iskolába.', 'S01E01'),
('Roy: A Life Well Lived', 'Roy tinédzserként nehéz döntések elé kerül az életben.', 'S01E02'),
('Roy: A Life Well Lived', 'Roy felnőtté válik, családot alapít és karrierjét építi.', 'S01E03'),
('How They Do It: Plumbus', 'Részletesen bemutatjuk a Plumbus alapanyagait.', 'S01E01'),
('How They Do It: Plumbus', 'Megmutatjuk, hogyan szerelik össze a Plumbust.', 'S01E02'),
('How They Do It: Plumbus', 'Végső simítások: hogyan használjuk a Plumbust otthon.', 'S01E03'),
('Gear Talk with Rick', 'Rick bemutatja a fogaskerekek alapvető működési elvét.', 'S01E01'),
('Gear Talk with Rick', 'Rick elmagyarázza a fogaskerekek történelmi fejlődését.', 'S01E02'),
('Gear Talk with Rick', 'Rick megvitatja, hogyan használjuk a fogaskerekeket a mindennapokban.', 'S01E03'),
('Plumbus Master Class', 'Alapvető Plumbus-kezelési tippek kezdőknek.', 'S01E01'),
('Plumbus Master Class', 'Haladó technikák a Plumbus hatékonyabb használatához.', 'S01E02'),
('Plumbus Master Class', 'Profi tanácsok a Plumbus mestereitől.', 'S01E03'),
('Ants in my Eyes Johnson Electronics', 'Elektronikai termékek bemutatója egy különleges házigazdával', 'S01E02'),
('Flooby Noob World Championship', 'Galaktikus Flooby Noob bajnokság közvetítése', 'S01E02'),
('Gazorpazorpfield', 'Egy lusta, lasagne-kedvelő Gazorpazorpian kalandjai', 'S01E02'),
('Gearheads Unite', 'Fogaskerék-rajongók találkozója', 'S01E02'),
('Plumbus Extreme Makeover', 'Extrém Plumbus átalakítások', 'S01E02'),
('Strawberry Smiggles', 'Egy gyilkos reggeli gabona reklámja', 'S01E03'),
('Slippery Stair Adventures', 'Kalandok egy csúszós lépcsővel', 'S01E03'),
('Real Fake Doors', 'Egy izgalmas műsor valódi hamis ajtókról', 'S01E03'),
('Gear Wars: The Documentary', 'A nagy fogaskerékháborúk története', 'S01E03'),
('Plumbus Cooking Show', 'Főzőműsor, ahol minden ételt Plumbusszal készítenek', 'S01E03'),
('Lil Bits', 'Apró ételek reklámja apró szájú embereknek', 'S01E04'),
('Turbulent Juice Gaming Hour', 'Játékóra a népszerű Turbulent Juice-szal', 'S01E04'),
('Jan Quadrant Vincent 16', 'Akciódús sci-fi Jan Michael Vincent főszereplésével', 'S01E04'),
('Gear or No Gear', 'Izgalmas kvízműsor fogaskerekekről', 'S01E04'),
('Extreme Plumbus Sports', 'Extrém sportok Plumbusszal', 'S01E04'),
('Alien Invasion Tomato Monster Mexican Armada Brothers', 'Két testvér... űrlények ellen', 'S01E05'),
('Flarga Blarga Blarg', 'Érthetetlen, de lebilincselő idegenek szereplésével', 'S01E05'),
('Baby Legs', 'Egy rendőr kalandjai, akinek bébi lábai vannak', 'S01E05'),
('Gear Poetry Slam', 'Költészeti est fogaskerekekről', 'S01E05'),
('Plumbus After Dark', 'Felnőtt tartalom Plumbusokkal', 'S01E05'),
('Eyeholes', 'Egy veszélyes reggeli gabona reklámja', 'S01E06'),
('Glip Glops Got Talent', 'Tehetségkutató műsor Glip Glopoknak', 'S01E06'),
('Gazorpazorp Master Chef', 'Főzőverseny Gazorpazorpian ételekkel', 'S01E06'),
('Sprocket Science', 'Tudományos műsor lánckerekekről', 'S01E06'),
('Plumbus Hoarders', 'Plumbus-gyűjtők extrém esetei', 'S01E06'),
('Hamster in Butt World', 'Egy világ, ahol mindenki fenekében hörcsög él', 'S01E07'),
('Numbericon', 'Matematikai játékshow', 'S01E07'),
('Reverse Giraffe: The Series', 'Egy fordított zsiráf kalandjai', 'S01E07'),
('Cog Talk', 'Beszélgetős műsor híres fogaskerekekkel', 'S01E07'),
('Pimp My Plumbus', 'Plumbusok extrém tuningolása', 'S01E07'),
('How Did I Get Here?', 'Emberek random helyeken találják magukat', 'S01E08'),
('Interdimensional Mind Benders', 'Agytorna különböző dimenziókból', 'S01E08'),
('Octopus Man', 'Egy ember, aki félig polip, harcol a bűn ellen', 'S01E08'),
('Gears of Our Lives', 'Szappanopera fogaskerekekről', 'S01E08'),
('Plumbus Cribs', 'Luxusotthonok, ahol minden Plumbusból készült', 'S01E08'),
('Funny Songs', 'Robot énekesek vicces dalai', 'S01E09'),
('Intergalactic Pinball Masters', 'A legjobb flipperjátékosok versengése', 'S01E09'),
('Two Brothers in a Van', 'Két testvér... és akkor jön egy meteor', 'S01E09'),
('Extreme Gear Makeover', 'Rozsdás fogaskerekek felújítása', 'S01E09'),
('The Real Plumbuses of the Citadel', 'Reality show a Citadella Plumbusairól', 'S01E09'),
("Snuffles: A Dog's Tale", 'Egy kutya felemelkedése és bukása', 'S01E10'),
("Glorzo's Got Game", 'Videojáték bemutató Glorzókkal', 'S01E10'),
('Ballfondlers: The Animated Series', 'A népszerű film rajzfilmváltozata', 'S01E10'),
('Sprocket to Me', 'Romantikus vígjátéksorozat fogaskerekekről', 'S01E10'),
('Keeping Up with the Plumbuses', 'Reality show egy Plumbus család életéről', 'S01E10'),
('Intergalactic News', 'Friss hírek a galaxis minden szegletéből', '2024-10-12'),
('Intergalactic News', 'Friss hírek a galaxis minden szegletéből', '2024-10-13'),
('Universal Headlines', 'Naponta friss hírek az univerzumból', '2024-10-12'),
('Universal Headlines', 'Naponta friss hírek az univerzumból', '2024-10-13'),
('Gazorpazorp Evening News', 'A legfontosabb hírek a Gazorpazorpról és azon túl', '2024-10-12'),
('Gazorpazorp Evening News', 'A legfontosabb hírek a Gazorpazorpról és azon túl', '2024-10-13'),
('Mechanical Daily News', 'Hírek és érdekességek a fogaskerekek világából', '2024-10-12'),
('Mechanical Daily News', 'Hírek és érdekességek a fogaskerekek világából', '2024-10-13'),
('Plumbus World Report', 'Globális hírek Plumbus perspektívából', '2024-10-12'),
('Plumbus World Report', 'Globális hírek Plumbus perspektívából', '2024-10-13'),
('Intergalactic Sports Show', 'Közvetítések és elemzések a galaktikus sportvilágból', '2024-10-12'),
('Flooby Noob World Championship', 'Galaktikus Flooby Noob bajnokság közvetítése', '2024-11-01'),
('Spaceball Finals', 'Az univerzum legnagyobb Spaceball döntője', '2024-11-07'),
('Gear Olympics', 'A fogaskerék-játékok legnagyobb versenye', '2024-11-21'),
('Plumbusball Tournament', 'Plumbusball torna a legjobb csapatokkal', '2024-12-12');

insert into musor_szereploi (szereplo_id, musorcim, epizod) values
(2, 'Two Brothers in a Van', 'S01E09'),
(1, 'Eyeholes', 'S01E06'),
(3, 'Alien Invasion Tomato Monster Mexican Armada Brothers', 'S01E05'),
(4, 'Gear Talk with Rick', 'S01E03'),
(5, 'Jan Quadrant Vincent 16', 'S01E04');

insert into kozvetites (csatornanev, musorcim, epizod, idopont) values
('Interdimensional Cable', 'Intergalactic Sports Show', '2024-10-12', '2024-10-12 19:00:00'),
('Blips and Chitz', 'Intergalactic Sports Show', '2024-10-12', '2024-10-12 19:00:00'),
('Gazorpazorp TV', 'Intergalactic Sports Show', '2024-10-12', '2024-10-12 19:00:00'),
('Interdimensional Cable', 'Ball Fondlers', 'S01E01', '2024-10-12 20:00:00'),
('Blips and Chitz', 'Roy: A Life Well Lived', 'S01E01', '2024-10-12 21:00:00'),
('Gazorpazorp TV', 'How They Do It: Plumbus', 'S01E01', '2024-10-12 21:30:00'),
('Gear World Network', 'Gear Talk with Rick', 'S01E01', '2024-10-12 18:00:00'),
('Plumbus Channel', 'Plumbus Master Class', 'S01E01', '2024-10-12 22:00:00'),
('Interdimensional Cable', 'Ball Fondlers', 'S01E02', '2024-10-13 20:00:00'),
('Blips and Chitz', 'Roy: A Life Well Lived', 'S01E02', '2024-10-13 21:00:00'),
('Gazorpazorp TV', 'How They Do It: Plumbus', 'S01E02', '2024-10-13 19:30:00'),
('Gear World Network', 'Gear Talk with Rick', 'S01E02', '2024-10-13 18:00:00'),
('Plumbus Channel', 'Plumbus Master Class', 'S01E02', '2024-10-13 22:00:00');

/* Tesztelni kell, hogy ide kerülnek-e az adminok műveletei, ha nem, kell trigger logika
insert into FELVETTE_CSATORNA (email, csatornanev) values
('jerry@citadel.com', 'Interdimensional Cable'),
('morty@citadel.com', 'Blips and Chitz'),
('summer@citadel.com', 'Gazorpazorp TV'),
('jerry@citadel.com', 'Gear World Network'),
('jerry@citadel.com', 'Plumbus Channel');

insert into FELVETTE_MUSOR (email, musor_cim) values
('morty@citadel.com', 'Ball Fondlers'),
('morty@citadel.com', 'Roy: A Life Well Lived'),
('summer@citadel.com', 'How They Do It: Plumbus'),
('jerry@citadel.com', 'Gear Talk with Rick'),
('jerry@citadel.com', 'Plumbus Master Class');

insert into FELVETTE_SZEREPLO (email, szereplo_id) values
('summer@citadel.com', 'Two Brothers'),
('summer@citadel.com', 'Ants in my Eyes Johnson'),
('summer@citadel.com', 'Stealy'),
('jerry@citadel.com', 'Mr. Poopybutthole'),
('jerry@citadel.com', 'Krombopulos Michael');
*/